Date,Cluster_0,Cluster_1,Cluster_2,Cluster_3
2023-01-01,4.599025806451612,4.078303174603175,6.8951875000000005,4.182595238095238
2023-01-02,5.044509677419355,4.291473015873016,7.806050000000001,5.790095238095239
2023-01-03,5.403935483870968,4.175063492063492,8.44504375,9.44588095238095
2023-01-04,5.276509677419355,4.085014285714286,7.317818749999999,10.57892857142857
2023-01-05,5.12678064516129,3.993922222222222,7.30180625,11.651285714285715
2023-01-06,5.2988838709677415,4.09358253968254,7.9853499999999995,8.652571428571427
2023-01-07,5.602509677419356,4.211982539682539,7.297018749999999,8.01304761904762
2023-01-08,5.73056129032258,4.753444444444445,9.0798125,4.028095238095238
2023-01-09,6.256348387096773,4.083523809523809,8.2008,16.069523809523808
2023-01-10,5.992206451612903,4.061641269841269,7.422037499999999,14.928642857142856
2023-01-11,6.3305483870967745,4.171773015873016,8.889325,13.615761904761907
2023-01-12,6.296664516129032,4.066425396825397,7.867656249999999,12.951309523809524
2023-01-13,6.132354838709678,4.097196825396825,7.698987499999999,14.028714285714283
2023-01-14,6.051058064516129,4.4981,8.2975125,6.590095238095238
2023-01-15,6.35956129032258,4.937326984126984,9.6649125,4.378261904761906
2023-01-16,6.82321935483871,4.307263492063492,9.27536875,13.994738095238093
2023-01-17,6.702793548387096,4.3207587301587305,10.2661125,16.56242857142857
2023-01-18,6.858774193548388,4.248146031746032,10.622081249999999,12.475738095238095
2023-01-19,6.764670967741936,4.15992380952381,10.7485625,15.284904761904762
2023-01-20,6.630870967741936,4.143203174603175,10.726137500000002,14.093714285714286
2023-01-21,6.6163483870967745,4.567184126984127,11.203437500000001,10.486714285714285
2023-01-22,6.574916129032257,4.915871428571428,10.962600000000002,3.999880952380952
2023-01-23,6.913774193548387,4.293398412698412,10.606137499999999,15.79204761904762
2023-01-24,6.907529032258066,4.218025396825397,9.634875,12.86804761904762
2023-01-25,6.94876129032258,4.288336507936508,9.46716875,13.781357142857143
2023-01-26,7.008051612903226,4.17885873015873,9.75845,17.451642857142854
2023-01-27,6.828116129032259,4.270425396825397,9.824825,14.614928571428571
2023-01-28,6.670064516129033,4.704225396825397,9.938525,6.160809523809524
2023-01-29,8.012864516129033,4.983073015873016,10.09488125,5.121404761904762
2023-01-30,7.922793548387096,4.201365079365079,8.27218125,12.096261904761905
2023-01-31,7.178858064516128,4.196287301587302,7.981037499999999,14.273642857142859
2023-02-01,6.273612903225806,4.038847619047619,7.64383125,12.79540476190476
2023-02-02,6.334825806451613,4.091163492063492,7.2944562500000005,13.626785714285713
2023-02-03,5.7825612903225805,4.086649206349207,7.0351625,11.858880952380952
2023-02-04,6.037051612903225,4.5571142857142855,7.484768750000001,7.824333333333333
2023-02-05,5.893909677419354,4.765068253968254,8.39206875,4.944595238095238
2023-02-06,6.373148387096774,4.234768253968254,7.7880375,14.520833333333334
2023-02-07,6.374458064516129,4.053957142857143,7.407662500000001,15.855238095238096
2023-02-08,6.443180645161291,4.160755555555555,7.945375,13.69342857142857
2023-02-09,6.226593548387097,4.045569841269841,7.233012500000001,13.516452380952382
2023-02-10,6.105774193548387,4.0191317460317455,7.486918749999999,13.269023809523809
2023-02-11,5.666399999999999,4.375207936507937,7.227018749999999,7.01445238095238
2023-02-12,5.520548387096773,4.552974603174603,6.826712499999999,3.611666666666667
2023-02-13,6.051367741935484,4.085039682539683,7.055550000000001,10.304595238095239
2023-02-14,5.905464516129032,4.133226984126984,6.890174999999999,9.284666666666666
2023-02-15,5.965703225806451,4.153053968253968,6.759106249999999,10.02488095238095
2023-02-16,5.883374193548387,4.216050793650794,6.621125000000001,10.481642857142855
2023-02-17,6.281974193548387,4.161528571428572,6.934768750000001,9.20052380952381
2023-02-18,5.799064516129031,4.234019047619047,6.66951875,7.305309523809523
2023-02-19,6.048477419354838,4.716461904761905,6.716874999999999,3.5982142857142856
2023-02-20,6.022180645161291,4.285644444444444,6.27715625,12.694714285714285
2023-02-21,6.121948387096774,4.04001746031746,6.20029375,13.099333333333334
2023-02-22,6.140774193548387,4.3419460317460326,6.8061375,13.56642857142857
2023-02-23,6.301122580645162,4.150569841269841,5.9108125000000005,14.544380952380951
2023-02-24,6.050187096774193,4.09405873015873,5.559956250000001,12.602809523809526
2023-02-25,6.003012903225807,4.563125396825397,6.586337499999999,6.2208571428571435
2023-02-26,6.216761290322579,4.909469841269841,6.94316875,4.4488095238095235
2023-02-27,6.163561290322581,4.311320634920635,6.3461625,13.106523809523807
2023-02-28,6.375541935483871,4.3897634920634925,6.93565,14.622238095238098
2023-03-01,6.708870967741936,4.381866666666666,7.92063125,13.894119047619045
2023-03-02,6.480683870967742,4.322280952380953,6.808450000000001,13.214619047619047
2023-03-03,5.936329032258065,4.184784126984127,6.31066875,17.455809523809524
2023-03-04,5.828296774193548,4.53878253968254,6.08961875,6.951309523809523
2023-03-05,6.054251612903225,4.6963904761904764,6.1781999999999995,3.7650238095238096
2023-03-06,6.191309677419356,4.194439682539683,5.85645625,13.007452380952381
2023-03-07,6.0577225806451604,4.155788888888889,6.30465625,12.917857142857141
2023-03-08,6.805587096774193,4.249812698412699,7.988256250000001,12.213119047619049
2023-03-09,6.419696774193548,4.030168253968254,5.76608125,13.304238095238093
2023-03-10,6.223193548387097,4.148031746031746,6.9925187499999995,10.779333333333332
2023-03-11,6.228309677419355,4.6054031746031745,7.52900625,6.577404761904761
2023-03-12,5.913070967741935,5.014290476190475,5.8907187500000004,5.131142857142858
2023-03-13,6.07301935483871,4.248546031746032,4.9273375,14.12197619047619
2023-03-14,6.425516129032258,4.255015873015873,6.27085625,12.885690476190478
2023-03-15,6.235858064516129,4.159495238095238,5.579587500000001,11.581499999999998
2023-03-16,5.903232258064516,4.054825396825397,5.38404375,10.64852380952381
2023-03-17,6.253922580645161,3.9952031746031746,5.21526875,11.867976190476192
2023-03-18,5.953032258064517,4.47345873015873,5.28955,5.790857142857143
2023-03-19,5.984612903225806,4.955788888888889,6.58719375,4.743238095238095
2023-03-20,5.979225806451613,4.305384126984126,5.11428125,13.473666666666666
2023-03-21,5.904412903225808,4.116784126984126,5.13678125,12.4585
2023-03-22,5.84676129032258,4.090012698412698,5.0671625,13.526404761904761
2023-03-23,6.099658064516128,4.184753968253968,5.45416875,13.10254761904762
2023-03-24,6.141625806451612,4.28913492063492,6.8133687499999995,11.505309523809522
2023-03-25,6.434329032258065,4.578920634920635,6.232681250000001,6.390357142857143
2023-03-26,6.077793548387096,4.804615873015874,6.6816249999999995,3.7445952380952385
2023-03-27,6.266864516129031,4.259392063492064,5.701975,11.06245238095238
2023-03-28,6.050141935483872,4.053026984126984,5.4586375,12.17445238095238
2023-03-29,5.911096774193548,4.20072380952381,5.53114375,10.968095238095238
2023-03-30,6.078812903225805,4.171406349206349,5.77448125,12.271476190476191
2023-03-31,5.974606451612904,4.148015873015873,6.4433750000000005,11.38902380952381
2023-04-01,6.057645161290323,5.103319047619047,6.895112500000001,7.349428571428571
2023-04-02,5.945922580645161,5.468298412698412,6.99365,6.294738095238095
2023-04-03,6.466696774193547,4.706187301587302,5.591062500000001,12.02754761904762
2023-04-04,6.135858064516129,4.454952380952381,5.724025,13.321690476190476
2023-04-05,5.997748387096773,4.446966666666667,5.6338125,12.094238095238094
2023-04-06,5.783651612903226,4.366006349206349,5.48750625,10.118309523809526
2023-04-07,5.343909677419355,4.843544444444444,6.3384,4.872119047619049
2023-04-08,4.995438709677419,4.547352380952381,5.05261875,8.417047619047619
2023-04-09,4.7134064516129035,4.687768253968255,4.89610625,4.080238095238095
2023-04-10,5.050554838709678,4.817973015873016,5.556649999999999,5.395142857142857
2023-04-11,5.782651612903226,4.546284126984126,5.7281812500000004,10.799809523809525
2023-04-12,5.777883870967742,4.5119365079365075,6.4302125000000006,11.614761904761906
2023-04-13,5.856890322580645,4.47186507936508,5.125381249999999,10.276357142857142
2023-04-14,5.089967741935485,4.517079365079366,4.958787500000001,7.931404761904761
2023-04-15,5.87903870967742,4.927457142857143,6.955131249999999,6.468142857142858
2023-04-16,5.765025806451614,5.233877777777778,7.1165062500000005,2.7781666666666665
2023-04-17,5.570838709677419,4.718934920634921,5.20325625,10.218904761904763
2023-04-18,5.437948387096775,4.451363492063493,4.736993750000001,8.979785714285713
2023-04-19,5.7410903225806456,4.452344444444444,4.9025875,8.524119047619047
2023-04-20,5.9486064516129025,4.576311111111111,5.95514375,12.732928571428575
2023-04-21,5.562612903225807,4.459615873015873,5.70090625,10.08240476190476
2023-04-22,5.638425806451613,5.105263492063492,6.0209375000000005,5.583476190476191
2023-04-23,5.993329032258065,5.5009507936507935,6.15195,3.800119047619048
2023-04-24,6.134122580645161,4.601795238095239,5.290525000000001,9.95245238095238
2023-04-25,6.13503870967742,4.479871428571429,5.3425625,13.42485714285714
2023-04-26,6.080496774193547,4.47607619047619,5.0999375,12.44395238095238
2023-04-27,5.817774193548387,4.352473015873016,4.40024375,13.889309523809525
2023-04-28,5.971929032258065,4.335012698412698,4.611012499999999,12.433547619047618
2023-04-29,6.073322580645161,4.838166666666667,5.300693750000001,7.384357142857143
2023-04-30,6.138696774193548,5.114092063492063,5.802437500000001,4.409166666666667
2023-05-01,6.399490322580646,4.827755555555555,5.60709375,10.11252380952381
2023-05-02,5.842025806451614,4.342990476190476,4.3595500000000005,10.481666666666666
2023-05-03,5.876967741935483,4.502993650793651,4.08675,11.84554761904762
2023-05-04,5.620800000000001,4.321204761904762,3.8971937499999996,10.520476190476192
2023-05-05,5.363909677419354,4.413838095238095,4.038831249999999,10.227452380952382
2023-05-06,5.804,4.819020634920635,4.145356250000001,9.15688095238095
2023-05-07,5.789709677419356,5.5326031746031745,5.3299062500000005,6.2813333333333325
2023-05-08,6.147483870967743,4.646822222222221,4.5869937499999995,11.275690476190476
2023-05-09,6.0239935483870966,4.588722222222223,4.9238875,10.715142857142856
2023-05-10,5.841561290322581,4.542266666666667,4.461281250000001,10.144357142857142
2023-05-11,6.099380645161291,4.483415873015873,4.78470625,10.81595238095238
2023-05-12,5.581780645161291,4.3329603174603175,4.52576875,9.03545238095238
2023-05-13,5.979161290322581,5.13120634920635,5.4109750000000005,7.141642857142856
2023-05-14,5.590425806451613,5.063706349206349,4.75075625,3.318666666666667
2023-05-15,5.887045161290322,4.668142857142858,4.93189375,11.69857142857143
2023-05-16,6.012393548387096,4.390157142857142,4.8454,11.993309523809524
2023-05-17,6.113303225806451,4.4534761904761915,4.202800000000001,10.342785714285714
2023-05-18,5.510612903225806,4.788430158730159,4.52718125,3.631357142857143
2023-05-19,5.43354193548387,4.420411111111112,4.03165625,10.167952380952382
2023-05-20,5.4675419354838715,4.596753968253968,4.347199999999999,5.395666666666667
2023-05-21,5.395961290322581,5.08903492063492,4.1585,3.8291190476190473
2023-05-22,6.139664516129033,4.422287301587301,3.9424125000000005,10.46892857142857
2023-05-23,5.582367741935484,4.420066666666666,3.9520625000000003,10.726880952380952
2023-05-24,5.978258064516128,4.503246031746031,3.9996437499999997,9.197238095238095
2023-05-25,5.674387096774193,4.288879365079365,3.6623999999999994,12.980761904761906
2023-05-26,5.621858064516129,4.509515873015872,3.4335999999999998,9.744261904761904
2023-05-27,5.635090322580646,4.756252380952382,3.550125,6.150833333333334
2023-05-28,5.30298064516129,4.887133333333332,3.1351875,3.279642857142857
2023-05-29,5.583077419354838,4.999068253968255,3.424875,5.913523809523809
2023-05-30,5.6050387096774195,4.486377777777779,3.5345625,10.474761904761905
2023-05-31,5.8671483870967736,4.5205142857142855,3.64568125,10.324571428571428
2023-06-01,5.899929032258064,4.402984126984127,3.479775,9.776523809523807
2023-06-02,5.476677419354839,4.463987301587301,3.14471875,11.407428571428571
2023-06-03,5.564458064516129,4.794825396825397,3.5266125,6.522404761904762
2023-06-04,5.401922580645161,5.329895238095238,3.61293125,3.8471666666666673
2023-06-05,5.627122580645162,4.670958730158731,3.3489750000000003,8.430857142857143
2023-06-06,5.918793548387097,4.406131746031747,3.3761250000000005,8.836214285714286
2023-06-07,6.4680709677419355,4.48245238095238,3.399875,8.918404761904762
2023-06-08,5.833341935483871,4.440077777777778,3.4080375,12.312785714285713
2023-06-09,5.493161290322581,4.587777777777778,3.7241625,10.000333333333334
2023-06-10,5.620541935483872,4.9822492063492065,3.917875,6.658833333333335
2023-06-11,5.642432258064516,5.325530158730159,3.4491812499999996,3.584761904761904
2023-06-12,5.811154838709678,4.54344761904762,3.2468937499999995,7.938142857142857
2023-06-13,5.736567741935483,4.549450793650793,3.1986312499999996,10.298714285714285
2023-06-14,5.857787096774193,4.500244444444444,3.22918125,11.656214285714285
2023-06-15,5.629,4.457055555555555,3.3293500000000003,9.601285714285714
2023-06-16,5.486083870967741,4.415104761904761,3.3227562500000003,9.874380952380951
2023-06-17,5.605309677419355,4.849242857142857,3.06505625,7.145380952380951
2023-06-18,5.461819354838711,5.203712698412699,3.4335125000000004,5.9232619047619055
2023-06-19,5.9352451612903225,4.689480952380952,3.2332499999999995,11.40252380952381
2023-06-20,5.852858064516129,4.526861904761905,3.3714874999999997,12.853142857142856
2023-06-21,5.860529032258064,4.732158730158731,3.6685437500000004,12.30152380952381
2023-06-22,5.939574193548387,4.665226984126984,4.1127875000000005,14.930095238095237
2023-06-23,5.536387096774193,4.329863492063493,3.30049375,9.473785714285716
2023-06-24,5.292329032258065,4.825442857142858,3.1368625000000003,6.1290000000000004
2023-06-25,5.504754838709677,5.02203492063492,3.0682187499999998,6.645142857142857
2023-06-26,5.816109677419355,4.759733333333333,3.21090625,10.25797619047619
2023-06-27,5.445632258064516,4.567780952380953,3.2941249999999997,12.920285714285715
2023-06-28,5.75483870967742,4.52995873015873,3.2346125,10.491499999999998
2023-06-29,5.682496774193549,4.395700000000001,3.03643125,11.210404761904762
2023-06-30,5.634316129032258,4.5331,4.320075,11.648119047619048
2023-07-01,5.431412903225806,4.837798412698413,3.8320562499999995,7.004619047619048
2023-07-02,5.298038709677419,4.996296825396825,3.4963749999999996,6.668285714285714
2023-07-03,5.306070967741935,4.538738095238095,3.226525,10.295785714285715
2023-07-04,5.046967741935483,4.431160317460317,2.9382687499999998,13.118166666666669
2023-07-05,5.449548387096773,4.526726984126984,3.4143249999999994,10.666714285714287
2023-07-06,5.191212903225806,4.4004079365079365,2.86788125,9.433166666666667
2023-07-07,5.171864516129031,4.428717460317461,3.31961875,9.913309523809525
2023-07-08,5.171425806451612,4.7896857142857145,3.35991875,6.396357142857143
2023-07-09,4.943612903225806,5.16057619047619,3.4561187500000004,4.421738095238095
2023-07-10,5.269987096774194,4.940393650793651,3.3956562499999996,8.479809523809525
2023-07-11,5.3866387096774195,5.201450793650793,3.8459937500000003,8.528904761904762
2023-07-12,5.226116129032258,4.911252380952381,3.771475,7.196880952380953
2023-07-13,5.33101935483871,4.636696825396825,3.43373125,8.01457142857143
2023-07-14,5.326941935483872,4.456198412698412,3.186,5.947714285714286
2023-07-15,4.954909677419355,4.786312698412698,3.3312125000000004,4.8694999999999995
2023-07-16,4.6575354838709675,5.103053968253969,3.31475625,5.117642857142856
2023-07-17,5.03001935483871,4.807222222222221,3.2278,4.429785714285715
2023-07-18,5.190735483870968,4.7428984126984135,3.2465312499999994,5.363238095238095
2023-07-19,5.170606451612904,4.960006349206349,3.3065687499999994,9.987952380952382
2023-07-20,5.106141935483871,5.007460317460318,3.0967812500000003,6.325738095238096
2023-07-21,4.867348387096774,4.786939682539683,3.359075,7.033952380952379
2023-07-22,4.640206451612903,4.799271428571429,3.17550625,5.07102380952381
2023-07-23,4.5249354838709674,5.051107936507937,3.0774,3.161714285714286
2023-07-24,4.633464516129032,4.823344444444444,3.7754125000000003,5.051690476190476
2023-07-25,4.7576838709677425,4.814060317460317,3.6560625,10.79854761904762
2023-07-26,4.439658064516129,4.589865079365079,3.3361875000000003,6.3601190476190474
2023-07-27,4.2301548387096775,4.44544126984127,2.9740437500000003,6.525261904761906
2023-07-28,4.18714193548387,4.460958730158731,3.202725,4.567404761904761
2023-07-29,4.212722580645162,4.909104761904762,4.03603125,5.826428571428572
2023-07-30,3.8313290322580644,4.781653968253968,3.4502,1.8498571428571426
2023-07-31,4.049896774193548,4.519830158730159,3.06805625,4.737071428571428
2023-08-01,4.071754838709678,5.009447619047619,3.7081562499999996,2.6014761904761903
2023-08-02,4.103483870967742,4.438544444444444,3.4869250000000003,6.113214285714285
2023-08-03,4.054303225806452,3.974669841269842,3.36453125,6.820119047619047
2023-08-04,4.339464516129032,4.130361904761904,3.7479875,5.5376666666666665
2023-08-05,4.339206451612903,4.3407936507936515,3.6072,3.7506190476190473
2023-08-06,4.3182,4.766765079365079,4.2033125,2.0502142857142855
2023-08-07,4.639864516129033,4.280007936507936,3.803125,8.398261904761906
2023-08-08,4.69681935483871,4.339903174603175,3.3579062500000005,6.998714285714285
2023-08-09,4.72078064516129,4.305693650793652,3.3488374999999997,6.96995238095238
2023-08-10,4.547761290322581,4.206392063492062,3.5012999999999996,8.384452380952382
2023-08-11,4.589116129032258,4.373615873015873,3.3137437500000004,8.482642857142858
2023-08-12,4.686748387096775,4.714306349206349,3.6648687499999992,5.574190476190477
2023-08-13,5.106993548387097,5.3783761904761915,3.5950500000000005,2.4955714285714286
2023-08-14,5.1135935483870965,4.992415873015873,3.93461875,6.300571428571429
2023-08-15,5.409503225806452,4.843574603174604,3.5788312500000004,6.046428571428572
2023-08-16,5.487135483870967,4.958866666666666,3.6179250000000005,5.769714285714286
2023-08-17,5.36874193548387,4.902171428571429,3.7514875000000005,9.460428571428572
2023-08-18,5.313567741935484,4.922860317460318,3.5630250000000006,5.047666666666667
2023-08-19,5.741348387096774,5.332293650793651,3.7624812500000004,5.121047619047618
2023-08-20,5.879393548387096,5.754880952380952,4.04959375,5.533642857142856
2023-08-21,5.953174193548387,5.438669841269841,4.053,10.727166666666667
2023-08-22,5.770587096774195,5.5945301587301595,3.90006875,10.864071428571426
2023-08-23,6.197625806451613,5.762099999999999,4.224231250000001,8.864738095238096
2023-08-24,6.293238709677419,5.713241269841269,4.25105,10.120190476190478
2023-08-25,5.487890322580646,5.44121746031746,4.4279375000000005,8.875904761904762
2023-08-26,5.7982387096774195,5.5099269841269845,5.4675562499999995,9.266976190476191
2023-08-27,5.796174193548388,5.547576190476191,5.3512562500000005,2.558047619047619
2023-08-28,6.029670967741934,4.89975873015873,5.521593750000001,6.12747619047619
2023-08-29,6.051645161290322,4.646166666666667,4.829106250000001,8.010166666666667
2023-08-30,5.9312516129032264,4.573931746031747,4.17015625,7.269500000000001
2023-08-31,5.902638709677418,4.579207936507936,4.4171625,8.560309523809522
2023-09-01,5.799096774193549,4.378461904761905,3.9596875,8.321738095238096
2023-09-02,5.523645161290323,5.119260317460318,3.9282250000000003,7.034
2023-09-03,5.361238709677419,5.382503174603175,3.8495312499999996,3.11497619047619
2023-09-04,5.833993548387097,4.810544444444444,3.83635625,9.038452380952382
2023-09-05,5.723496774193548,4.663955555555556,3.8133000000000004,11.533428571428571
2023-09-06,6.049961290322581,4.716292063492063,4.061862499999999,14.444690476190477
2023-09-07,5.728193548387097,4.649484126984127,3.8187687500000003,11.848547619047618
2023-09-08,5.719922580645161,4.943168253968254,3.9357625,9.69442857142857
2023-09-09,6.063380645161289,5.205988888888889,3.87590625,7.453976190476189
2023-09-10,5.540651612903226,5.464331746031747,4.0551,4.414309523809523
2023-09-11,5.93743870967742,4.975907936507936,4.1491999999999996,8.909190476190478
2023-09-12,5.70661935483871,4.838412698412698,4.297175,11.945285714285713
2023-09-13,6.35621935483871,4.9530714285714295,5.73325625,14.613047619047615
2023-09-14,5.9428322580645165,4.699449206349206,4.167725,10.44416666666667
2023-09-15,5.523619354838709,4.609693650793651,4.3229,7.677523809523809
2023-09-16,5.5721612903225815,5.239447619047619,4.475287499999999,4.696547619047618
2023-09-17,4.858258064516129,5.0689761904761905,3.9684625000000002,6.363880952380953
2023-09-18,6.102812903225806,5.711747619047618,6.55720625,4.318309523809525
2023-09-19,5.810625806451612,4.739746031746032,4.4056625,11.968785714285715
2023-09-20,6.17321935483871,4.813679365079365,4.3902625,13.047523809523812
2023-09-21,5.966929032258065,4.856322222222222,4.691118749999999,13.865595238095239
2023-09-22,5.668832258064516,4.686280952380953,4.53680625,8.665642857142856
2023-09-23,5.793206451612902,5.225874603174604,4.97905625,4.494
2023-09-24,5.852670967741935,5.697096825396826,4.8443,4.22054761904762
2023-09-25,5.717690322580646,4.807731746031746,4.5594375,12.414833333333334
2023-09-26,5.789412903225806,4.754020634920634,4.43225625,9.310190476190478
2023-09-27,5.8791677419354835,4.754593650793651,4.5510625000000005,9.509809523809523
2023-09-28,5.597535483870968,4.745549206349207,4.36275,15.620666666666667
2023-09-29,5.5186967741935495,4.807396825396825,4.6635125,9.962523809523809
2023-09-30,5.899858064516128,5.105469841269842,4.75390625,6.102047619047619
2023-10-01,5.654006451612904,5.641615873015873,4.8388687500000005,3.444238095238094
2023-10-02,5.9438387096774195,4.911712698412698,4.60930625,12.256261904761905
2023-10-03,5.582141935483871,4.700082539682539,4.929425,11.264261904761904
2023-10-04,6.165580645161291,4.782584126984127,4.923075,8.942309523809524
2023-10-05,6.390587096774194,4.754073015873016,4.823612499999999,13.302
2023-10-06,6.191019354838709,4.757474603174603,4.90753125,11.735666666666667
2023-10-07,6.203645161290323,5.082631746031746,5.06870625,6.267571428571428
2023-10-08,5.915677419354839,5.707412698412699,5.1595125,4.817595238095238
2023-10-09,6.010348387096775,4.857169841269841,5.01253125,14.245690476190475
2023-10-10,5.776006451612903,4.819057142857143,4.8594875,13.798023809523809
2023-10-11,6.145845161290323,4.841861904761905,4.85935625,10.09635714285714
2023-10-12,6.198812903225806,4.669144444444445,5.00465,13.238238095238094
2023-10-13,6.063980645161291,4.691009523809524,5.2095625,11.43938095238095
2023-10-14,5.891354838709677,5.191768253968254,5.779925,5.3029761904761905
2023-10-15,6.168748387096775,5.685144444444445,5.46334375,3.61352380952381
2023-10-16,5.690812903225806,4.927063492063493,5.322374999999999,10.337095238095237
2023-10-17,5.555522580645161,4.777582539682539,5.52085625,11.072619047619048
2023-10-18,5.746522580645161,4.82768888888889,6.003156249999999,12.98445238095238
2023-10-19,5.6825161290322574,4.75623492063492,6.253231250000001,11.243595238095239
2023-10-20,5.506668477419355,4.910355555555555,6.5584187499999995,8.59895238095238
2023-10-21,5.305874619354839,5.148525396825397,5.96455625,7.621809523809524
2023-10-22,5.403129954838709,5.544096825396825,5.442925,3.671904761904761
2023-10-23,5.870519496774194,4.854211111111112,6.2005437500000005,9.002880952380952
2023-10-24,5.931110780645161,5.058219047619048,7.58953125,10.984666666666666
2023-10-25,6.08292509032258,4.896149206349206,7.69679375,12.57647619047619
2023-10-26,6.425949974193549,4.850998412698413,7.5725375,13.691595238095235
2023-10-27,5.834542748387098,4.856493650793651,7.025868749999999,8.884166666666667
2023-10-28,5.9244770129032265,5.364225396825397,6.442324999999999,4.683119047619048
2023-10-29,6.492754451612903,5.927034920634921,7.311056249999998,3.4623333333333335
2023-10-30,6.78226615483871,5.079277777777778,7.997993750000001,13.991309523809523
2023-10-31,6.108027425806451,4.844111111111111,7.83911875,12.543952380952382
2023-11-01,6.40899415483871,4.87811746031746,7.46308125,13.44557142857143
2023-11-02,6.878717032258064,4.953377777777777,8.954818750000001,14.299619047619046
2023-11-03,6.318500064516129,4.971787301587301,7.574925,12.30792857142857
2023-11-04,6.6451629419354825,5.667190476190477,9.382875,6.786785714285715
2023-11-05,6.435495,6.068957142857142,9.386675,6.040857142857143
2023-11-06,6.404477638709676,5.132734920634921,8.00829375,12.152285714285714
2023-11-07,6.341432109677419,4.901038095238095,7.5775999999999994,13.109714285714286
2023-11-08,6.669378961290324,4.878453968253969,7.004343749999999,17.07107142857143
2023-11-09,6.685693748387096,5.008507936507936,8.10205625,14.168285714285714
2023-11-10,6.402390425806451,4.927544444444445,8.024424999999999,12.265380952380951
2023-11-11,6.571062122580646,5.375968253968254,8.60633125,8.492142857142857
2023-11-12,7.020372032258064,6.044646031746033,10.08891875,4.3231190476190475
2023-11-13,7.17430146451613,4.990142857142857,9.084412500000001,17.580142857142857
2023-11-14,6.598764264516128,4.991768253968254,8.910787500000001,12.240761904761904
2023-11-15,6.536509677419355,4.878346031746032,7.831893750000001,13.111214285714285
2023-11-16,6.705664516129033,4.981084126984126,8.460968750000001,14.867666666666665
2023-11-17,6.725180645161292,4.860590476190476,7.852668749999999,9.921880952380953
2023-11-18,6.7628645161290315,5.35291746031746,9.14916875,8.573714285714285
2023-11-19,6.610735483870967,5.935749206349206,8.92355625,3.6772619047619046
2023-11-20,6.808754838709677,5.008519047619048,7.94899375,11.704785714285713
2023-11-21,6.404277419354838,4.995322222222222,7.487287499999999,12.762261904761905
2023-11-22,6.651090322580646,5.02672380952381,7.104181249999999,11.256833333333333
2023-11-23,6.522696774193548,4.862819047619047,7.029668749999999,14.915095238095237
2023-11-24,6.289458064516129,4.827471428571428,7.47368125,14.485357142857145
2023-11-25,6.488148387096774,5.282619047619048,8.42685,9.176595238095238
2023-11-26,6.482464516129032,5.6868428571428575,8.19849375,3.4790952380952382
2023-11-27,7.176264516129032,5.096152380952381,8.73883125,13.05190476190476
2023-11-28,6.6564258064516135,4.956349206349207,9.061487500000002,14.025452380952382
2023-11-29,6.931883870967742,4.725015873015874,7.981287499999999,11.497619047619047
2023-11-30,6.959632967741935,5.0991873015873015,9.728649999999998,11.328738095238096
2023-12-01,7.40803169032258,5.007474603174603,9.66808125,8.282142857142858
2023-12-02,6.468291148387096,5.378650793650794,9.833375,4.595571428571429
2023-12-03,6.862686670967742,5.984350793650794,9.31743125,5.315595238095238
2023-12-04,6.877710806451614,5.148828571428572,10.24855,10.038928571428572
2023-12-05,6.767573270967743,4.921496825396825,9.1341,14.751785714285715
2023-12-06,7.026099251612903,4.797038095238095,9.07269375,8.503166666666667
2023-12-07,7.003690309677419,4.762209523809524,8.36856875,11.11557142857143
2023-12-08,6.709283451612903,4.838046031746032,9.78153125,11.402357142857143
2023-12-09,6.809089877419354,5.448052380952381,10.27213125,5.8314047619047615
2023-12-10,6.4638559225806445,5.8063,8.74403125,4.152999999999999
2023-12-11,6.9875905354838705,5.0460111111111114,9.08151875,10.091928571428571
2023-12-12,6.526313677419354,5.026065079365079,9.560556250000001,10.538309523809525
2023-12-13,7.368367516129032,5.084012698412699,9.4297,13.099571428571428
2023-12-14,6.513055677419354,4.8986285714285716,8.5633375,12.860523809523809
2023-12-15,6.511347122580645,4.881634920634921,8.0375125,10.78040476190476
2023-12-16,6.462841032258066,5.228852380952381,8.12219375,5.260476190476191
2023-12-17,6.529697535483871,5.8014,9.93254375,4.126738095238094
2023-12-18,7.188766729032259,5.169507936507936,9.08399375,7.598285714285716
2023-12-19,6.490253729032258,4.897153968253969,9.48315,7.769880952380951
2023-12-20,6.771438090322581,4.785838095238095,8.709875,9.392714285714286
2023-12-21,6.8599409096774195,4.9292936507936504,9.692518750000001,9.626666666666665
2023-12-22,6.509067748387096,4.925971428571429,9.3199,8.422666666666666
2023-12-23,6.2079291741935485,5.331611111111111,8.452449999999999,4.0842857142857145
2023-12-24,6.297157864516129,5.508401587301587,8.6173,3.5502380952380954
2023-12-25,5.994297251612903,4.747092063492063,7.621275,3.3866190476190474
2023-12-26,5.528431935483871,4.908496825396825,7.484349999999999,5.51697619047619
2023-12-27,5.571150548387097,4.734615873015873,7.329625,6.143357142857143
2023-12-28,5.63570895483871,4.838785714285714,7.915218749999999,4.911309523809524
2023-12-29,5.625336838709678,4.829657142857143,8.602931250000001,3.96
2023-12-30,5.607131941935483,4.864177777777777,7.645712499999999,5.510238095238096
2023-12-31,5.981188406451611,5.698893650793651,9.55318125,3.461190476190476
2024-01-01,5.598290322580645,5.174047619047618,7.475681250000001,3.4131904761904757
2024-01-02,5.858445161290322,5.290392063492065,9.09620625,3.6751190476190465
2024-01-03,6.090167741935486,4.889385714285715,8.08739375,5.862095238095238
2024-01-04,6.053032258064516,4.892855555555556,7.98900625,7.623452380952381
2024-01-05,6.161567741935484,4.981330158730159,9.86065,6.421761904761904
2024-01-06,6.2212774193548395,5.222969841269841,9.713418749999999,6.6075952380952385
2024-01-07,6.56516129032258,5.807300000000001,9.15928125,3.1979285714285717
2024-01-08,6.994935483870969,4.879490476190477,9.5431625,7.4915714285714285
2024-01-09,6.768567741935484,4.913253968253969,9.88359375,7.754785714285716
2024-01-10,7.277812903225806,5.0708111111111105,10.53379375,10.567
2024-01-11,7.190793548387096,5.289952380952381,10.443718749999999,9.152666666666667
2024-01-12,7.046012903225807,5.07866507936508,10.6246375,9.50052380952381
2024-01-13,6.87767741935484,5.593569841269842,11.005875,7.451476190476192
2024-01-14,6.887890322580645,6.213169841269841,11.35574375,4.234214285714286
2024-01-15,7.092703225806451,5.079361904761904,8.979356249999999,8.684523809523808
2024-01-16,6.768348387096775,4.847739682539682,7.983068750000001,9.125142857142857
2024-01-17,7.690199999999998,5.006687301587302,9.48475625,9.540666666666668
2024-01-18,7.275019354838711,5.119120634920636,8.8933375,9.271380952380953
2024-01-19,6.468974193548387,5.023390476190476,8.5246625,6.790238095238095
2024-01-20,6.885954838709677,5.231271428571429,8.2733625,7.124571428571428
2024-01-21,6.775270967741936,5.985055555555555,8.25419375,5.129071428571429
2024-01-22,7.128916129032258,5.1097730158730155,8.434325000000001,8.969190476190477
2024-01-23,6.956535483870967,4.84568253968254,8.1554125,9.956119047619048
2024-01-24,7.04863870967742,4.91277619047619,8.10636875,8.935071428571428
2024-01-25,6.6000774193548395,4.705688888888889,6.5976625,14.485642857142858
2024-01-26,6.57416129032258,4.932692063492064,8.0012,7.6439047619047615
2024-01-27,6.082483870967741,5.233660317460318,7.6193875,7.111071428571429
2024-01-28,6.284612903225807,5.5551746031746045,7.594518750000001,3.8466190476190483
2024-01-29,7.192548387096773,4.988938095238095,6.973443750000001,15.697976190476192
2024-01-30,7.248741935483872,4.887763492063493,7.269687500000001,15.758499999999996
2024-01-31,7.271232258064514,4.897552380952381,7.188875,13.141952380952384
2024-02-01,6.847258064516129,4.835765079365079,8.07994375,13.424595238095238
2024-02-02,6.838045161290323,4.751490476190476,7.36935,13.78142857142857
2024-02-03,6.461535483870968,5.246787301587302,7.101462499999999,5.615452380952381
2024-02-04,6.331070967741935,5.716193650793651,7.23100625,3.6664761904761902
2024-02-05,6.803116129032259,4.850422222222222,7.10708125,15.523166666666665
2024-02-06,6.690916129032257,4.708411111111111,6.66953125,15.123809523809525
2024-02-07,7.006606451612902,4.885749206349206,6.96273125,14.31109523809524
2024-02-08,6.934058064516129,4.968238095238095,7.070931249999999,12.791690476190476
2024-02-09,6.364909677419354,5.061912698412699,8.114206249999999,9.307214285714284
2024-02-10,6.546051612903225,5.312263492063492,7.9504874999999995,7.753785714285714
2024-02-11,5.953670967741935,5.560349206349207,7.285868750000001,3.330809523809524
2024-02-12,6.2298064516129035,5.040126984126983,6.35455625,6.8642619047619045
2024-02-13,6.164341935483872,4.719371428571429,6.06676875,7.932071428571429
2024-02-14,6.010470967741935,4.831831746031746,6.569856250000001,8.009404761904761
2024-02-15,5.832116129032257,4.751638095238095,6.55416875,7.652333333333333
2024-02-16,6.174309677419355,4.880746031746032,6.3549750000000005,9.006023809523809
2024-02-17,6.052703225806451,5.361880952380953,6.9283125,5.355190476190477
2024-02-18,6.699761290322581,5.601868253968254,7.28458125,3.6091190476190484
2024-02-19,6.7941032258064515,5.101284126984127,6.85829375,7.525333333333332
2024-02-20,6.480393548387097,5.062222222222222,6.854350000000001,10.268238095238095
2024-02-21,6.9438774193548385,5.063406349206349,7.1963687499999995,7.298857142857142
2024-02-22,7.041535483870967,5.133525396825396,8.56,8.424404761904762
2024-02-23,6.353974193548386,5.192742857142857,6.7202625,9.49559523809524
2024-02-24,7.0332322580645155,5.201387301587302,7.074375000000001,5.438785714285714
2024-02-25,6.876412903225806,5.9911,7.095456250000001,3.8393333333333337
2024-02-26,7.034806451612903,4.955311111111111,6.924275,10.75552380952381
2024-02-27,6.480787096774193,5.049855555555555,7.2704812500000005,7.556904761904762
2024-02-28,7.002561290322582,4.861033333333333,7.15219375,8.255738095238096
2024-02-29,6.62765806451613,4.850903174603173,6.1665125000000005,10.53995238095238
2024-03-01,6.863329032258063,5.061279365079366,6.6905,7.011238095238096
2024-03-02,6.292012903225806,5.459604761904763,6.93415,6.453571428571429
2024-03-03,6.808464516129032,5.755766666666666,7.32295625,3.2503571428571427
2024-03-04,7.082793548387097,4.8884968253968255,7.09585,5.9831666666666665
2024-03-05,6.759658064516128,5.182649206349207,6.5441125,8.193999999999999
2024-03-06,7.392767741935485,5.0150396825396815,6.84705625,7.66702380952381
2024-03-07,6.789335483870968,4.873749206349206,6.1905125,10.503761904761904
2024-03-08,7.181096774193548,4.9119793650793655,6.21505,6.857666666666667
2024-03-09,6.680470967741935,5.318784126984126,6.6891187500000004,5.6483333333333325
2024-03-10,6.725883870967742,5.811812698412698,8.20463125,1.719714285714286
2024-03-11,6.63365806451613,5.143584126984126,5.97398125,8.319285714285716
2024-03-12,6.581903225806451,5.213395238095238,6.42161875,7.565095238095237
2024-03-13,6.7676193548387085,4.966044444444444,5.8431375,7.3742857142857146
2024-03-14,6.304212903225807,4.92574761904762,5.350499999999999,8.522738095238095
2024-03-15,6.647709677419355,5.147531746031746,5.7499625000000005,7.398380952380954
2024-03-16,7.161432258064516,5.3855063492063495,6.07143125,3.8378095238095233
2024-03-17,6.9354774193548385,5.795647619047619,7.010431249999999,1.8587619047619046
2024-03-18,7.157129032258065,5.076377777777778,6.573025000000001,5.607309523809524
2024-03-19,6.687451612903226,4.922769841269842,5.5881875,9.29792857142857
2024-03-20,6.8714387096774185,4.876009523809524,5.53281875,6.1411428571428575
2024-03-21,6.802116129032258,4.8857365079365085,4.8835999999999995,8.131380952380953
2024-03-22,6.484683870967741,4.930090476190476,4.911849999999999,7.669023809523811
2024-03-23,6.4243483870967735,5.6403380952380955,5.523943749999999,4.957857142857144
2024-03-24,6.49872258064516,5.845080952380952,5.76033125,1.413642857142857
2024-03-25,6.3832258064516125,5.00196507936508,5.529962500000001,5.342095238095238
2024-03-26,6.224522580645161,5.015017460317461,5.43609375,7.406214285714285
2024-03-27,6.550116129032258,4.928574603174604,6.995468750000001,8.269238095238094
2024-03-28,6.074148387096773,4.805115873015873,5.896112499999999,10.527142857142858
2024-03-29,5.97861935483871,5.33541746031746,5.685006249999999,2.2633809523809525
2024-03-30,5.855851612903225,5.088930158730158,6.47291875,3.3125
2024-03-31,5.127987096774193,4.8434301587301585,5.4843625000000005,2.1349761904761904
2024-04-01,5.7254903225806455,5.289380952380953,5.418368750000001,2.689523809523809
2024-04-02,5.829135483870968,4.581969841269842,4.72630625,8.62845238095238
2024-04-03,6.338051612903227,4.803355555555555,5.848000000000001,7.560666666666667
2024-04-04,6.0740193548387085,4.739315873015872,4.7002875,7.828142857142858
2024-04-05,5.681696774193548,4.664065079365079,4.4461125,6.033214285714286
2024-04-06,5.649658064516129,4.88543492063492,4.20983125,3.825547619047619
2024-04-07,5.4034,5.235895238095239,4.462525,2.545404761904762
2024-04-08,5.719167741935484,4.850287301587302,4.41553125,6.066261904761904
2024-04-09,6.282245161290323,4.96901746031746,5.836162499999999,7.6671666666666685
2024-04-10,6.49258064516129,4.85445873015873,5.4560812499999995,6.473809523809523
2024-04-11,6.128916129032258,4.793553968253968,4.5682375,9.290333333333333
2024-04-12,5.64414193548387,4.80155873015873,4.42224375,6.980333333333332
2024-04-13,5.504961290322581,5.026276190476191,4.628456250000001,4.140571428571429
2024-04-14,5.8146129032258065,5.38194126984127,4.504412499999999,4.788880952380952
2024-04-15,6.076090322580645,4.940020634920635,4.55101875,5.907642857142857
2024-04-16,6.1420774193548375,4.878304761904762,5.03179375,9.299714285714286
2024-04-17,6.370522580645161,5.016649206349205,6.19534375,6.151428571428572
2024-04-18,6.276503225806452,4.742676190476191,5.2460375,5.2977380952380955
2024-04-19,6.381961290322581,4.871307936507937,6.05979375,9.495452380952383
2024-04-20,6.250967741935484,5.0884857142857145,5.46661875,4.166785714285715
2024-04-21,6.207070967741935,5.620576190476191,5.8110937499999995,1.9905952380952385
2024-04-22,6.5610451612903224,4.882996825396825,5.444850000000001,8.305571428571431
2024-04-23,6.534890322580645,4.745709523809524,5.60920625,9.337309523809523
2024-04-24,6.457851612903227,4.840482539682539,5.656599999999999,8.039666666666667
2024-04-25,6.41923870967742,4.77497619047619,5.034518749999999,5.502833333333332
2024-04-26,6.511967741935484,4.774069841269841,5.17568125,5.757499999999999
2024-04-27,6.019632258064515,5.177407936507937,5.133981250000001,5.423357142857143
2024-04-28,6.4681483870967735,5.833879365079365,7.252862500000001,1.8067619047619043
2024-04-29,6.393187096774194,5.061266666666667,5.488468750000001,5.257071428571428
2024-04-30,6.656245161290323,4.7742523809523805,4.93424375,10.154380952380953
2024-05-01,6.333296774193547,4.939444444444444,5.908874999999999,11.55297619047619
2024-05-02,6.774451612903226,4.88583492063492,6.023874999999999,9.245190476190476
2024-05-03,6.826251612903225,4.780001587301587,5.73031875,8.47857142857143
2024-05-04,6.244006451612902,5.202725396825397,4.69911875,6.986952380952381
2024-05-05,6.393780645161291,5.827414285714286,4.9307625,3.0663095238095237
2024-05-06,6.761690322580645,4.9488079365079365,5.795856250000001,7.552761904761905
2024-05-07,5.891954838709676,5.08571111111111,5.668312500000001,8.456047619047622
2024-05-08,5.986445161290323,5.023857142857143,4.4707625,6.7120000000000015
2024-05-09,6.266612903225806,5.420684126984127,4.08995,5.370595238095239
2024-05-10,5.871741935483872,4.766036507936508,3.7468375000000003,4.6865476190476185
2024-05-11,5.723141935483872,4.936338095238096,3.561425,3.1812619047619046
2024-05-12,5.66918064516129,5.131953968253969,3.5616250000000003,4.062309523809525
2024-05-13,5.909606451612903,4.770663492063492,3.5738250000000003,6.568928571428571
2024-05-14,5.916535483870967,4.825095238095239,4.2896625,7.821261904761904
2024-05-15,6.500470967741936,4.901638095238095,4.79439375,10.510023809523808
2024-05-16,6.917961290322581,4.950552380952381,4.68671875,8.988880952380953
2024-05-17,5.942354838709677,4.676052380952381,3.90580625,6.871547619047621
2024-05-18,6.206838709677419,5.176766666666667,4.307662499999999,4.134190476190477
2024-05-19,5.608135483870966,4.986203174603174,3.5288375000000003,3.619047619047618
2024-05-20,6.275516129032258,5.367303174603174,3.895375,5.659190476190476
2024-05-21,6.038948387096775,4.737411111111112,3.6929625,9.888214285714284
2024-05-22,5.863696774193548,4.709769841269842,3.7122375000000005,8.023309523809523
2024-05-23,6.265251612903226,4.790528571428571,4.094962499999999,8.304833333333333
2024-05-24,5.69561935483871,4.665725396825397,4.021649999999999,8.240095238095236
2024-05-25,5.629212903225807,5.064988888888887,3.82485,6.510023809523808
2024-05-26,6.0797741935483876,5.633944444444444,4.38465625,4.66157142857143
2024-05-27,6.2621032258064515,5.004501587301588,5.17445625,8.779404761904761
2024-05-28,6.050703225806451,4.697431746031746,3.82254375,9.298904761904762
2024-05-29,6.5432774193548395,4.675103174603175,3.9978187500000004,10.244880952380951
2024-05-30,6.289470967741936,4.673357142857143,4.10806875,7.443714285714285
2024-05-31,5.936148387096774,4.6857,4.564375,8.597976190476192
2024-06-01,5.902077419354839,5.079471428571429,4.052418749999999,8.39664285714286
2024-06-02,5.706677419354839,5.630563492063493,4.5682937500000005,2.3971428571428577
2024-06-03,6.026458064516129,4.773644444444444,4.002924999999999,5.915190476190476
2024-06-04,6.038348387096775,4.555030158730158,3.3933875000000002,9.419261904761905
2024-06-05,6.036612903225807,4.760885714285714,3.4617125,7.085238095238095
2024-06-06,5.857129032258064,4.585068253968254,3.77154375,7.144119047619047
2024-06-07,6.034716129032257,4.715928571428571,3.59459375,11.040857142857144
2024-06-08,5.693309677419355,5.07186984126984,3.8686125000000002,6.941
2024-06-09,6.041329032258064,5.5144158730158725,4.055806250000001,5.910285714285716
2024-06-10,6.180625806451613,4.8563285714285715,3.43428125,6.580857142857143
2024-06-11,6.366032258064515,4.742274603174604,4.49585,11.40992857142857
2024-06-12,6.129006451612904,4.787144444444445,3.443062500000001,8.436285714285715
2024-06-13,6.306374193548387,4.580850793650794,3.1732312499999997,11.269190476190476
2024-06-14,6.000083870967743,4.660388888888889,4.1188375,6.8932142857142855
2024-06-15,5.808212903225806,5.255307936507936,3.7701124999999998,7.875714285714288
2024-06-16,5.643348387096775,5.268863492063492,3.28551875,2.135880952380952
2024-06-17,5.965109677419354,4.837498412698412,3.2850687499999998,6.668261904761905
2024-06-18,5.848774193548387,4.782273015873017,3.0485249999999997,9.153261904761907
2024-06-19,6.136677419354839,4.86122380952381,3.25398125,8.348142857142859
2024-06-20,6.446322580645162,5.034988888888888,3.7708,11.284880952380952
2024-06-21,5.998019354838711,4.974922222222222,4.0196,9.018380952380951
2024-06-22,6.1167225806451615,5.336530158730159,5.05353125,8.061428571428573
2024-06-23,6.232896774193549,5.598426984126984,4.4808,2.6797619047619046
2024-06-24,6.1444967741935494,4.874866666666666,3.4349375,8.077952380952379
2024-06-25,5.948045161290322,4.895049206349207,3.749368750000001,11.416619047619047
2024-06-26,6.555,4.726336507936507,3.8841499999999995,12.57757142857143
2024-06-27,5.917509677419354,4.7399603174603175,3.3116062499999996,8.103761904761903
2024-06-28,5.880903225806452,4.782750793650793,3.5947875000000002,8.333976190476191
2024-06-29,5.763929032258066,5.562188888888889,4.1019125,5.263214285714286
2024-06-30,5.874206451612902,5.618341269841269,4.2400625000000005,2.4074761904761903
2024-07-01,5.374103225806451,4.900647619047619,3.7751875,7.138523809523809
2024-07-02,5.64605806451613,4.795974603174603,3.4993187499999996,8.088952380952382
2024-07-03,5.970432258064515,4.617380952380952,3.8425125,11.454785714285716
2024-07-04,5.815006451612903,4.5178158730158735,3.316137500000001,7.996023809523809
2024-07-05,5.202412903225806,4.553065079365079,2.9975937499999996,7.752595238095239
2024-07-06,5.188309677419356,5.165236507936508,5.1115312500000005,8.606547619047618
2024-07-07,5.68018064516129,5.29678253968254,3.8321124999999996,3.896238095238095
2024-07-08,5.2955483870967734,4.591636507936507,3.2067125000000005,6.8770476190476195
2024-07-09,5.159638709677419,4.79754126984127,3.02423125,12.979714285714286
2024-07-10,5.605174193548388,4.718806349206349,3.5952437500000003,13.735904761904763
2024-07-11,5.3227935483870965,4.717695238095239,3.24530625,12.814499999999999
2024-07-12,5.1089032258064515,4.8838412698412705,4.1816125,10.223952380952381
2024-07-13,5.1171870967741935,4.8213269841269835,3.050475,7.578904761904762
2024-07-14,4.879967741935483,4.976212698412699,3.42875625,4.984642857142857
2024-07-15,5.467361290322581,4.683874603174604,3.337075,7.105095238095238
2024-07-16,5.156129032258064,4.617244444444443,3.2578375,11.058142857142858
2024-07-17,5.208490322580645,4.563946031746032,2.9837625,10.550785714285714
2024-07-18,5.086303225806451,4.469496825396825,3.2192062500000005,12.225214285714287
2024-07-19,5.10323870967742,4.659006349206349,3.1715562499999996,6.609166666666665
2024-07-20,4.462109677419354,4.932363492063492,2.92181875,9.140857142857143
2024-07-21,4.855322580645161,4.999252380952381,3.34833125,1.979547619047619
2024-07-22,5.428967741935485,4.699590476190476,3.3473437500000003,5.299952380952381
2024-07-23,4.946251612903226,4.57361746031746,3.0940000000000003,7.033785714285714
2024-07-24,4.910193548387096,4.607873015873016,3.0866374999999997,9.01611904761905
2024-07-25,4.818006451612904,4.573730158730158,2.9593375,7.041190476190475
2024-07-26,4.5842967741935485,4.813309523809524,2.919875,10.56040476190476
2024-07-27,4.376477419354839,4.891290476190476,3.0651562500000002,6.986761904761902
2024-07-28,4.7056387096774195,5.236401587301588,3.1495437500000003,4.231738095238095
2024-07-29,4.8781354838709685,4.983015873015873,3.24616875,10.596142857142857
2024-07-30,5.0398,4.981873015873016,3.39878125,11.143261904761905
2024-07-31,5.193348387096775,5.109606349206349,3.7848875,9.251095238095237
2024-08-01,4.530625806451614,4.966153968253968,3.24366875,3.2780476190476198
2024-08-02,4.644806451612904,4.825326984126984,3.39093125,6.271071428571428
2024-08-03,4.244522580645161,4.940695238095238,3.13771875,5.696357142857143
2024-08-04,4.344232258064516,5.234134920634921,3.4357249999999993,3.0418571428571424
2024-08-05,4.894670967741935,4.750431746031746,3.19525,14.705738095238097
2024-08-06,4.749045161290322,4.9917444444444445,3.1943624999999995,8.57497619047619
2024-08-07,5.147251612903227,5.020198412698413,3.3832499999999994,11.270142857142856
2024-08-08,4.784825806451614,4.839571428571429,3.32496875,13.807047619047617
2024-08-09,4.747561290322581,4.995461904761905,3.230525,9.856190476190475
2024-08-10,4.906774193548387,5.079207936507937,3.35889375,4.785690476190477
2024-08-11,5.186064516129033,5.661847619047619,3.431225,6.387190476190476
2024-08-12,5.300393548387096,5.5097555555555555,3.55316875,11.264190476190478
2024-08-13,5.681806451612903,5.467828571428571,3.67318125,11.091761904761903
2024-08-14,5.2296387096774195,5.28815238095238,3.63695,11.796190476190478
2024-08-15,5.466161290322582,4.961161904761905,3.5006812499999995,12.676857142857143
2024-08-16,5.555477419354839,5.1436269841269855,3.6934562500000006,6.8660476190476185
2024-08-17,5.732225806451613,5.486461904761904,3.9767062499999994,6.040095238095238
2024-08-18,6.093890322580645,5.861350793650794,5.4195875000000004,2.689285714285714
2024-08-19,5.521974193548386,4.882074603174604,3.49105,11.565666666666667
2024-08-20,5.564309677419355,4.801326984126985,3.65033125,9.91395238095238
2024-08-21,6.01463870967742,4.832709523809524,3.48485625,12.71254761904762
2024-08-22,5.690974193548387,4.76905238095238,3.36416875,9.394380952380953
2024-08-23,5.861722580645162,4.880009523809524,3.43335625,7.852380952380953
2024-08-24,5.468819354838709,5.054776190476191,3.5832875,6.620404761904762
2024-08-25,5.564716129032258,5.559579365079365,4.8201125000000005,5.250809523809523
2024-08-26,5.699909677419354,4.798215873015874,3.7555124999999996,8.23154761904762
2024-08-27,5.645806451612904,4.67151111111111,3.53754375,12.367928571428571
2024-08-28,6.205335483870969,4.793519047619047,3.4988750000000004,6.695404761904763
2024-08-29,5.838787096774193,4.76132380952381,3.5387812499999995,10.492666666666667
2024-08-30,5.567896774193549,4.850222222222222,3.53299375,10.553285714285716
2024-08-31,6.184212903225807,5.3600619047619045,3.8219250000000002,3.3264761904761904
2024-09-01,5.710754838709677,5.785511111111112,4.2463125,2.9056190476190475
2024-09-02,6.093103225806452,4.936966666666667,3.82205,11.248309523809523
2024-09-03,5.9714064516129035,5.034433333333333,4.13134375,7.877261904761904
2024-09-04,6.134174193548387,4.915561904761905,4.617,6.348142857142857
2024-09-05,6.282735483870969,4.8611603174603175,4.66170625,15.4595
2024-09-06,5.833103225806452,4.809895238095238,4.1969062500000005,7.277666666666666
2024-09-07,5.375806451612903,5.073573015873016,3.8077312500000007,4.566214285714286
2024-09-08,5.884245161290322,5.545025396825396,5.2318625,1.9028571428571432
2024-09-09,6.23201935483871,4.99988253968254,5.74975625,8.710238095238097
2024-09-10,5.984154838709677,4.768061904761906,4.3236125,8.752666666666666
2024-09-11,6.1295677419354835,5.010831746031746,6.1894937500000005,6.055785714285714
2024-09-12,5.805251612903226,4.757446031746031,5.20165625,8.788023809523809
2024-09-13,5.66603870967742,4.666847619047619,5.126787500000001,7.396285714285713
2024-09-14,5.604987096774193,4.681092063492063,4.6077625,4.282904761904763
2024-09-15,5.480593548387097,5.035603174603175,4.1605687499999995,1.6008095238095241
2024-09-16,6.243535483870967,5.2080730158730155,4.564862499999999,2.988238095238095
2024-09-17,6.224322580645162,4.8378539682539685,4.311037499999999,7.488952380952381
2024-09-18,6.070509677419354,4.7449031746031745,4.76233125,11.540976190476192
2024-09-19,6.070529032258064,4.625360317460317,4.57211875,9.630333333333333
2024-09-20,5.679464516129032,4.644253968253968,4.226025,5.876023809523808
2024-09-21,5.4998516129032256,5.026474603174603,4.45723125,8.629809523809524
2024-09-22,5.818819354838709,5.727815873015873,5.13310625,3.8207142857142857
2024-09-23,6.286574193548386,4.904820634920634,5.345656249999999,6.945166666666665
2024-09-24,6.008419354838709,4.791736507936507,5.1019125,9.179333333333334
2024-09-25,6.271406451612903,4.870909523809524,5.0769625000000005,9.590333333333334
2024-09-26,6.512522580645162,4.9439158730158725,7.1850875,11.174833333333332
2024-09-27,6.430064516129033,5.116992063492064,5.980981249999999,8.54457142857143
2024-09-28,6.386167741935484,5.373115873015873,6.14209375,2.5496190476190477
2024-09-29,5.9712903225806455,5.705409523809524,5.8053,4.7355
2024-09-30,6.265225806451612,4.907977777777777,5.27145625,8.582761904761904
2024-10-01,6.786496774193548,5.028509523809524,6.66380625,11.429904761904762
2024-10-02,6.534709677419355,4.897477777777778,5.26699375,6.615333333333333
2024-10-03,6.329587096774194,4.895349206349207,5.06903125,9.27207142857143
2024-10-04,6.651541935483871,4.871314285714286,5.492050000000001,10.080499999999999
2024-10-05,6.260987096774193,5.155944444444445,5.374625,5.746714285714286
2024-10-06,6.8381483870967745,5.935469841269841,6.2495375,2.5689523809523807
2024-10-07,6.409529032258064,4.9714222222222215,5.7085187500000005,8.805166666666668
2024-10-08,6.530419354838709,5.132596825396825,6.919487500000001,6.671523809523809
2024-10-09,6.7268,5.007017460317461,5.90023125,9.34657142857143
2024-10-10,7.404664516129032,4.974746031746032,5.4279125,9.130761904761904
2024-10-11,6.879987096774193,4.9044349206349205,5.1873375,5.3181666666666665
2024-10-12,5.927845161290322,5.418463492063492,6.978524999999999,2.8707380952380954
2024-10-13,6.012193548387096,5.370226984126985,5.8793750000000005,3.991904761904762
2024-10-14,5.929619354838709,5.080790476190477,5.6228125,6.013261904761905
2024-10-15,6.21605806451613,5.099433333333333,5.49635625,8.370142857142858
2024-10-16,5.707954838709676,4.810653968253968,5.362337500000001,8.889666666666667
2024-10-17,5.838470967741936,4.859130158730158,5.29438125,12.229547619047619
2024-10-18,5.994496774193549,4.932426984126984,6.53165625,7.1690000000000005
2024-10-19,5.291767741935484,5.300114285714286,6.4285625,5.4265
2024-10-20,5.601522580645162,5.374574603174604,5.75098125,3.009690476190476
2024-10-21,5.574200000000001,4.955144444444445,5.273149999999999,8.485738095238094
2024-10-22,5.683587096774193,5.057217460317461,5.37393125,10.203
2024-10-23,6.348490322580645,4.99414126984127,6.1133,5.510023809523809
2024-10-24,6.077935483870968,4.884160317460317,5.4402625,10.87302380952381
2024-10-25,5.871341935483871,4.900726984126985,5.414925000000001,9.625738095238095
2024-10-26,6.061296774193548,5.260949206349206,7.241793750000001,4.600642857142857
2024-10-27,6.297890322580645,5.88464126984127,6.49443125,4.423047619047618
2024-10-28,6.558245161290322,5.165004761904762,5.94050625,9.024333333333333
2024-10-29,6.208412903225806,4.904211111111111,5.949225,8.138142857142858
2024-10-30,6.667483870967742,4.992341269841269,5.8642875000000005,10.744142857142858
2024-10-31,6.72278064516129,4.990753968253968,6.88885,6.974690476190476
2024-11-01,5.918741935483871,4.848885714285714,6.352181249999999,7.412452380952382
2024-11-02,6.475625806451613,5.621188888888889,6.5624625000000005,7.633523809523811
2024-11-03,6.145845161290321,5.678536507936508,7.12061875,1.9491190476190476
2024-11-04,6.431490322580645,5.07192380952381,7.580131249999999,11.479666666666667
2024-11-05,6.376903225806452,5.043842857142857,6.714712499999999,12.168000000000001
2024-11-06,6.594483870967742,5.0058428571428575,6.271481250000001,5.3078095238095235
2024-11-07,6.316870967741935,5.002947619047619,6.85028125,7.931690476190475
2024-11-08,5.912322580645162,4.957419047619047,6.699968749999999,5.6621428571428565
2024-11-09,6.241109677419355,5.408252380952382,7.3810125,4.959309523809525
2024-11-10,6.421593548387096,5.6415396825396815,6.97338125,3.2504285714285714
2024-11-11,7.020929032258065,5.014201587301588,7.055243750000001,8.337714285714284
2024-11-12,7.960909677419355,5.036657142857143,7.233549999999999,6.322880952380953
2024-11-13,6.5555419354838715,5.069465079365079,7.654387500000001,10.692
2024-11-14,6.250361290322581,4.986174603174603,6.612312499999999,7.382714285714286
2024-11-15,6.608070967741937,4.801379365079366,6.656912499999999,8.785785714285716
2024-11-16,6.220735483870968,5.460239682539682,7.339737500000001,7.559119047619047
2024-11-17,6.649387096774193,5.636101587301587,7.49845,2.5779761904761904
2024-11-18,6.56116129032258,5.035288888888889,6.9776375,6.562380952380953
2024-11-19,6.77534193548387,4.93255873015873,8.059075,8.503095238095238
2024-11-20,7.01714193548387,4.9569793650793645,7.78426875,6.088833333333333
2024-11-21,6.910367741935484,5.028298412698412,9.5360625,8.055452380952381
2024-11-22,6.592567741935485,5.124242857142858,8.571143750000001,9.459071428571429
2024-11-23,6.614845161290322,5.628212698412699,9.6509,4.887928571428571
2024-11-24,6.468264516129032,5.963412698412698,8.0629875,2.599071428571429
2024-11-25,6.628232258064516,5.11257619047619,7.3262125,7.171404761904762
2024-11-26,6.482122580645162,4.993220634920635,6.862231249999999,10.430619047619048
2024-11-27,6.423135483870967,4.985438095238095,7.190225,6.626880952380953
2024-11-28,6.757193548387098,5.100406349206349,9.1674875,8.853261904761903
2024-11-29,6.0804193548387095,4.947322222222223,8.71110625,10.803952380952381
2024-11-30,6.51283870967742,5.373515873015873,8.6456375,4.083119047619048
2024-12-01,6.7904967741935485,5.929209523809524,9.290574999999999,3.2725000000000004
2024-12-02,6.753064516129031,5.2408777777777775,8.92785625,8.37352380952381
2024-12-03,6.703567741935484,4.962147619047619,8.7454125,10.949928571428572
2024-12-04,6.87383870967742,4.929204761904763,8.053206249999999,7.561880952380952
2024-12-05,6.782206451612903,4.925852380952381,8.048625,10.588928571428571
2024-12-06,6.160903225806452,4.9283269841269846,7.9188125,10.088452380952381
2024-12-07,6.625941935483872,5.3746285714285715,10.429537499999999,3.7144999999999997
2024-12-08,6.5486258064516125,5.833987301587302,10.340725,2.075571428571428
2024-12-09,7.184561290322581,5.198187301587301,9.6179,7.195666666666666
2024-12-10,6.544612903225806,4.940679365079365,8.459518749999999,8.338404761904762
2024-12-11,7.0352774193548395,5.084246031746032,9.0406625,10.644619047619049
2024-12-12,6.894148387096775,4.842644444444445,8.77404375,8.742928571428571
2024-12-13,7.056051612903225,5.039401587301588,8.2888875,7.793214285714284
2024-12-14,7.998774193548387,5.867904761904762,10.949668749999999,3.693023809523809
2024-12-15,8.014438709677421,5.9481698412698405,8.92425625,4.861666666666666
2024-12-16,7.877864516129032,5.114147619047619,7.759237499999999,7.627642857142857
2024-12-17,6.598180645161291,5.047487301587301,8.6120375,7.925571428571429
2024-12-18,6.94743870967742,5.0877920634920635,8.431799999999999,7.660047619047619
2024-12-19,6.749870967741936,5.2474412698412705,9.36778125,10.545357142857142
2024-12-20,6.573225806451614,4.958744444444444,9.16855625,13.50435714285714
2024-12-21,5.89278064516129,5.122222222222222,8.945418749999998,3.4265476190476187
2024-12-22,6.366658064516129,5.66437619047619,9.9723625,2.6818809523809524
2024-12-23,6.080361290322581,5.267509523809523,9.458612500000001,7.399166666666669
2024-12-24,6.624864516129031,5.193088888888889,8.270100000000001,5.686452380952381
2024-12-25,5.746496774193548,5.2018603174603175,8.5341125,2.314547619047619
2024-12-26,5.820129032258065,5.010411111111112,9.6320875,5.934285714285714
2024-12-27,5.432425806451613,4.826904761904761,9.49745,3.651190476190475
2024-12-28,5.671651612903226,5.209253968253969,9.7001125,2.6083095238095235
2024-12-29,5.329464516129033,5.54391746031746,9.298781250000001,3.63397619047619
2024-12-30,6.237825806451612,4.919960317460317,9.312156250000001,4.2313809523809525
2024-12-31,6.159858064516129,5.369701587301588,9.654862499999998,2.1124047619047617
